Timestamp,User Count,Type,Name,Requests/s,Failures/s,50%,66%,75%,80%,90%,95%,98%,99%,99.9%,99.99%,100%,Total Request Count,Total Failure Count,Total Median Response Time,Total Average Response Time,Total Min Response Time,Total Max Response Time,Total Average Content Size
1790601320,0,,Aggregated,0.000000,0.000000,N/A,N/A,N/A,N/A,N/A,N/A,N/A,N/A,N/A,N/A,N/A,0,0,0,0.0,0,0,0
1790601321,100,,Aggregated,0.000000,0.000000,97,130,170,180,200,220,230,230,240,240,240,161,0,97,117.69765255898763,35.285883999677026,241.18678900049417,7092.900621118012
1790601322,200,,Aggregated,0.000000,0.000000,140,190,210,220,350,450,1400,1500,1800,1800,1800,256,0,140,200.60479441014678,35.285883999677026,1773.3438020004542,7473.203125
1790601323,300,,Aggregated,0.000000,0.000000,220,360,460,560,1200,1700,2000,2500,2900,2900,2900,436,0,220,422.3207987912593,35.285883999677026,2888.0799379985547,6696.662844036698
1790601324,400,,Aggregated,82.500000,0.000000,390,520,590,720,1600,2500,3200,3600,3700,3700,3700,603,0,390,587.9914158673315,35.285883999677026,3717.1984799988422,6669.026533996684
1790601325,500,,Aggregated,85.666667,0.000000,500,770,1000,1200,2000,3200,3700,4200,4800,4800,4800,776,0,500,812.1935177461465,35.285883999677026,4836.806626000907,6380.43556701031
1790601326,600,,Aggregated,110.750000,0.000000,600,1100,1300,1400,2700,3600,4700,5600,5800,5800,5800,934,0,600,1024.5442711006585,35.285883999677026,5797.0360740000615,6379.968950749465
1790601327,700,,Aggregated,120.600000,0.000000,880,1400,1700,1800,3100,4200,5600,6000,6400,6600,6600,1132,0,880,1251.8639498030147,35.285883999677026,6583.907618998637,6474.6987632508835
1790601328,800,,Aggregated,129.500000,0.000000,1100,1700,1900,2000,3100,4500,5600,6000,7900,8000,8000,1294,0,1100,1398.882380387961,35.285883999677026,7958.588275998409,6501.2472952086555
1790601329,900,,Aggregated,134.000000,0.000000,1400,1900,2200,2400,3500,4800,5700,6200,8200,8300,8300,1487,0,1400,1598.8531574519322,35.285883999677026,8349.839976001022,6495.407531943511
1790601330,1000,,Aggregated,141.500000,0.000000,1500,2000,2400,2600,3600,5000,6100,6700,8200,8300,8300,1625,0,1500,1738.6413677877088,35.285883999677026,8349.839976001022,6458.491076923077
1790601331,1000,,Aggregated,144.444444,0.000000,1600,2200,2600,2900,3600,5000,6100,6700,8200,8300,8300,1712,0,1600,1810.9157334351805,35.285883999677026,8349.839976001022,6383.398364485981
1790601332,1000,,Aggregated,148.700000,0.000000,1700,2200,2700,3000,4000,5200,6200,7300,9900,9900,9900,1770,50,1700,1908.2096694039685,35.285883999677026,9924.228591999054,6205.470056497175
1790601333,1000,,Aggregated,163.100000,0.000000,1800,2400,2900,3200,4500,5300,6500,7900,10000,11000,11000,1855,133,1800,2057.4928032048692,35.285883999677026,11497.865125000317,5924.598382749326
1790601334,1000,,Aggregated,154.700000,0.000000,1800,2500,3000,3400,4800,5600,7000,8000,10000,11000,11000,1904,182,1800,2158.185973523654,35.285883999677026,11497.865125000317,5773.645483193277
1790601335,1000,,Aggregated,151.900000,5.400000,1900,2600,3200,3900,5400,6500,7700,8500,11000,13000,13000,1986,264,1900,2353.651684919954,35.285883999677026,12916.267378999692,5537.69335347432
1790601336,1000,,Aggregated,141.300000,13.400000,2000,2900,3900,4700,6500,7300,9300,9800,13000,14000,14000,2118,378,2000,2694.252086400862,35.285883999677026,13661.562326000421,5272.135033050047
1790601337,1000,,Aggregated,130.100000,18.200000,2100,3100,4400,5300,7000,7900,9600,12000,13000,14000,14000,2206,455,2100,2931.48930788306,35.285883999677026,13661.562326000421,5096.661378059837
1790601338,1000,,Aggregated,120.900000,26.400000,2200,3400,5000,6200,7800,8800,9800,12000,16000,16000,16000,2317,536,2200,3225.2049948014774,35.285883999677026,16170.672143000047,4923.721191195511
1790601339,1000,,Aggregated,118.300000,38.100000,2500,4500,6400,7300,8500,9000,10000,13000,17000,18000,18000,2533,617,2500,3715.5204063197903,35.285883999677026,18359.466014000645,4861.660481642321
1790601340,1000,,Aggregated,107.400000,45.500000,2600,4800,6700,7600,8500,9000,10000,13000,17000,18000,18000,2583,667,2600,3805.5492877545585,35.285883999677026,18359.466014000645,4768.693766937669
1790601341,1000,,Aggregated,101.900000,53.600000,2700,5000,7000,7900,8500,9000,10000,13000,17000,18000,18000,2633,717,2700,3894.3217016635103,35.285883999677026,18359.466014000645,4679.257880744398
1790601342,1000,,Aggregated,104.600000,61.700000,2800,5400,7300,8200,8600,9000,10000,13000,17000,18000,18000,2708,792,2800,4020.643414532871,35.285883999677026,18359.466014000645,4551.296528803545
1790601343,1000,,Aggregated,95.200000,66.700000,2900,6100,7800,8200,8500,9000,10000,13000,17000,18000,18000,2789,873,2900,4140.291652731456,35.285883999677026,18359.466014000645,4420.828253854428
1790601345,1000,,Aggregated,92.300000,71.900000,3000,6400,8100,8300,8600,9100,12000,14000,22000,22000,22000,2866,950,3000,4306.366368998617,35.285883999677026,21814.29299499905,4303.640265177948
1790601346,1000,,Aggregated,93.300000,73.900000,3100,6600,8100,8400,8700,9200,12000,15000,22000,22000,22000,2933,1015,3100,4428.08751441631,35.285883999677026,22341.08120199926,4208.501875213093
1790601347,1000,,Aggregated,93.300000,73.900000,3500,7300,8300,8400,9100,9300,12000,15000,22000,24000,24000,3069,1139,3500,4662.662779307608,35.285883999677026,23568.79070499963,4041.9315738025416
1790601348,1000,,Aggregated,94.600000,75.100000,4000,8000,8400,8500,9100,9300,13000,17000,22000,24000,24000,3213,1246,4000,4890.3994909427465,35.285883999677026,23568.79070499963,3921.908496732026
1790601349,1000,,Aggregated,94.800000,75.800000,4500,8100,8500,8700,9200,9400,13000,17000,22000,24000,24000,3337,1302,4500,5056.89306348938,35.285883999677026,23568.79070499963,3883.835480970932
1790601350,1000,,Aggregated,94.800000,75.800000,4800,8300,8500,8800,9200,9500,13000,16000,22000,24000,24000,3432,1362,4800,5173.795773458932,35.285883999677026,23568.79070499963,3818.7954545454545
